Tabela,Data,Kurs Å›redni,Zmiana
254/A/NBP/2015,2015-12-31,3.9394,0.58
253/A/NBP/2015,2015-12-30,3.9165,0.06
252/A/NBP/2015,2015-12-29,3.914,0.07
251/A/NBP/2015,2015-12-28,3.9114,-0.33
250/A/NBP/2015,2015-12-24,3.9242,-0.07
249/A/NBP/2015,2015-12-23,3.9271,0.28
248/A/NBP/2015,2015-12-22,3.9161,-0.48
247/A/NBP/2015,2015-12-21,3.9348,-0.97
246/A/NBP/2015,2015-12-18,3.9733,-0.21
245/A/NBP/2015,2015-12-17,3.9817,-0.53
244/A/NBP/2015,2015-12-16,4.0028,-0.48
243/A/NBP/2015,2015-12-15,4.0222,-0.16
242/A/NBP/2015,2015-12-14,4.0287,0.25
241/A/NBP/2015,2015-12-11,4.0186,0.26
240/A/NBP/2015,2015-12-10,4.0083,0.13
239/A/NBP/2015,2015-12-09,4.003,0.17
238/A/NBP/2015,2015-12-08,3.9963,0.46
237/A/NBP/2015,2015-12-07,3.9781,0.35
236/A/NBP/2015,2015-12-04,3.9643,0.46
235/A/NBP/2015,2015-12-03,3.9461,0.47
234/A/NBP/2015,2015-12-02,3.9278,0.38
233/A/NBP/2015,2015-12-01,3.9128,0.07
232/A/NBP/2015,2015-11-30,3.9099,-0.19
231/A/NBP/2015,2015-11-27,3.9172,-0.59
230/A/NBP/2015,2015-11-26,3.9404,-0.07
229/A/NBP/2015,2015-11-25,3.9431,0.34
228/A/NBP/2015,2015-11-24,3.9298,0.38
227/A/NBP/2015,2015-11-23,3.9151,0.02
226/A/NBP/2015,2015-11-20,3.9143,0.31
225/A/NBP/2015,2015-11-19,3.9023,-0.61
224/A/NBP/2015,2015-11-18,3.9264,-0.15
223/A/NBP/2015,2015-11-17,3.9324,-0.01
222/A/NBP/2015,2015-11-16,3.9328,0.2
221/A/NBP/2015,2015-11-13,3.9248,-0.04
220/A/NBP/2015,2015-11-12,3.9263,-0.44
219/A/NBP/2015,2015-11-10,3.9435,-0.07
218/A/NBP/2015,2015-11-09,3.9464,0.56
217/A/NBP/2015,2015-11-06,3.9246,0.47
216/A/NBP/2015,2015-11-05,3.9062,-0.44
215/A/NBP/2015,2015-11-04,3.9234,0.28
214/A/NBP/2015,2015-11-03,3.9126,0.17
213/A/NBP/2015,2015-11-02,3.906,-0.5
212/A/NBP/2015,2015-10-30,3.9255,-0.28
211/A/NBP/2015,2015-10-29,3.9364,-0.24
210/A/NBP/2015,2015-10-28,3.9459,0.4
209/A/NBP/2015,2015-10-27,3.9302,-0.36
208/A/NBP/2015,2015-10-26,3.9444,0.38
207/A/NBP/2015,2015-10-23,3.9296,-0.15
206/A/NBP/2015,2015-10-22,3.9357,-0.14
205/A/NBP/2015,2015-10-21,3.9411,0.23
204/A/NBP/2015,2015-10-20,3.9319,0.57
203/A/NBP/2015,2015-10-19,3.9097,0.19
202/A/NBP/2015,2015-10-16,3.9022,0.24
201/A/NBP/2015,2015-10-15,3.893,0.29
200/A/NBP/2015,2015-10-14,3.8819,0.27
199/A/NBP/2015,2015-10-13,3.8716,0.19
198/A/NBP/2015,2015-10-12,3.8644,0.03
197/A/NBP/2015,2015-10-09,3.8631,-0.36
196/A/NBP/2015,2015-10-08,3.8772,-0.25
195/A/NBP/2015,2015-10-07,3.8869,-0.01
194/A/NBP/2015,2015-10-06,3.8873,0.02
193/A/NBP/2015,2015-10-05,3.8864,-0.05
192/A/NBP/2015,2015-10-02,3.8885,-0.01
191/A/NBP/2015,2015-10-01,3.889,0.27
190/A/NBP/2015,2015-09-30,3.8785,-0.32
189/A/NBP/2015,2015-09-29,3.8909,0.65
188/A/NBP/2015,2015-09-28,3.8656,0.48
187/A/NBP/2015,2015-09-25,3.8473,-0.31
186/A/NBP/2015,2015-09-24,3.8593,-0.1
185/A/NBP/2015,2015-09-23,3.8632,0.29
184/A/NBP/2015,2015-09-22,3.8522,0.42
183/A/NBP/2015,2015-09-21,3.8359,0
182/A/NBP/2015,2015-09-18,3.8359,-0.02
181/A/NBP/2015,2015-09-17,3.8368,0.02
180/A/NBP/2015,2015-09-16,3.8361,-0.15
179/A/NBP/2015,2015-09-15,3.8417,0.38
178/A/NBP/2015,2015-09-14,3.8272,-0.04
177/A/NBP/2015,2015-09-11,3.8289,-0.73
176/A/NBP/2015,2015-09-10,3.857,-0.25
175/A/NBP/2015,2015-09-09,3.8666,-0.46
174/A/NBP/2015,2015-09-08,3.8843,-0.36
173/A/NBP/2015,2015-09-07,3.8983,0
172/A/NBP/2015,2015-09-04,3.8982,0.37
171/A/NBP/2015,2015-09-03,3.884,-0.58
170/A/NBP/2015,2015-09-02,3.9065,0.21
169/A/NBP/2015,2015-09-01,3.8985,-0.64
168/A/NBP/2015,2015-08-31,3.9238,0.64
167/A/NBP/2015,2015-08-28,3.8988,-0.69
166/A/NBP/2015,2015-08-27,3.926,0.2
165/A/NBP/2015,2015-08-26,3.918,0.53
164/A/NBP/2015,2015-08-25,3.8973,-0.4
163/A/NBP/2015,2015-08-24,3.9129,0.34
162/A/NBP/2015,2015-08-21,3.8998,-0.26
161/A/NBP/2015,2015-08-20,3.9098,0.97
160/A/NBP/2015,2015-08-19,3.8724,0.58
159/A/NBP/2015,2015-08-18,3.8499,-0.11
158/A/NBP/2015,2015-08-17,3.854,0.07
157/A/NBP/2015,2015-08-14,3.8514,0.09
156/A/NBP/2015,2015-08-13,3.848,-0.25
155/A/NBP/2015,2015-08-12,3.8575,-0.49
154/A/NBP/2015,2015-08-11,3.8765,-0.44
153/A/NBP/2015,2015-08-10,3.8937,-0.13
152/A/NBP/2015,2015-08-07,3.8989,-0.11
151/A/NBP/2015,2015-08-06,3.9033,-0.28
150/A/NBP/2015,2015-08-05,3.9144,0.22
149/A/NBP/2015,2015-08-04,3.9059,0.21
148/A/NBP/2015,2015-08-03,3.8977,-0.96
147/A/NBP/2015,2015-07-31,3.9355,1.1
146/A/NBP/2015,2015-07-30,3.8928,-0.05
145/A/NBP/2015,2015-07-29,3.8946,0.69
144/A/NBP/2015,2015-07-28,3.8679,-1.2
143/A/NBP/2015,2015-07-27,3.915,-0.02
142/A/NBP/2015,2015-07-24,3.9159,-0.5
141/A/NBP/2015,2015-07-23,3.9357,0.22
140/A/NBP/2015,2015-07-22,3.9269,-0.34
139/A/NBP/2015,2015-07-21,3.9402,0.13
138/A/NBP/2015,2015-07-20,3.935,0.05
137/A/NBP/2015,2015-07-17,3.9332,-0.35
136/A/NBP/2015,2015-07-16,3.9469,-0.32
135/A/NBP/2015,2015-07-15,3.9595,-0.79
134/A/NBP/2015,2015-07-14,3.9911,0.69
133/A/NBP/2015,2015-07-13,3.9636,-1.11
132/A/NBP/2015,2015-07-10,4.0081,-0.55
131/A/NBP/2015,2015-07-09,4.0304,-0.59
130/A/NBP/2015,2015-07-08,4.0545,0.25
129/A/NBP/2015,2015-07-07,4.0443,0.62
128/A/NBP/2015,2015-07-06,4.0193,0.39
127/A/NBP/2015,2015-07-03,4.0038,0.16
126/A/NBP/2015,2015-07-02,3.9974,-0.31
125/A/NBP/2015,2015-07-01,4.0097,-0.78
124/A/NBP/2015,2015-06-30,4.0412,0.51
123/A/NBP/2015,2015-06-29,4.0208,0.62
122/A/NBP/2015,2015-06-26,3.996,0.35
121/A/NBP/2015,2015-06-25,3.982,-0.18
120/A/NBP/2015,2015-06-24,3.9891,0.02
119/A/NBP/2015,2015-06-23,3.9884,-0.25
118/A/NBP/2015,2015-06-22,3.9985,0.07
117/A/NBP/2015,2015-06-19,3.9957,0.35
116/A/NBP/2015,2015-06-18,3.9817,0.01
115/A/NBP/2015,2015-06-17,3.9815,0.41
114/A/NBP/2015,2015-06-16,3.9654,-0.03
113/A/NBP/2015,2015-06-15,3.9665,0.22
112/A/NBP/2015,2015-06-12,3.9579,0.58
111/A/NBP/2015,2015-06-11,3.9352,-0.76
110/A/NBP/2015,2015-06-10,3.9655,-0.51
109/A/NBP/2015,2015-06-09,3.986,0.28
108/A/NBP/2015,2015-06-08,3.975,0.33
107/A/NBP/2015,2015-06-05,3.9619,-0.18
106/A/NBP/2015,2015-06-03,3.969,-0.82
105/A/NBP/2015,2015-06-02,4.0019,0.09
104/A/NBP/2015,2015-06-01,3.9984,0.19
103/A/NBP/2015,2015-05-29,3.991,-0.26
102/A/NBP/2015,2015-05-28,4.0014,0
101/A/NBP/2015,2015-05-27,4.0014,0.38
100/A/NBP/2015,2015-05-26,3.9864,0.27
99/A/NBP/2015,2015-05-25,3.9757,1.02
98/A/NBP/2015,2015-05-22,3.9355,0.24
97/A/NBP/2015,2015-05-21,3.926,0.73
96/A/NBP/2015,2015-05-20,3.8977,0.49
95/A/NBP/2015,2015-05-19,3.8787,0.38
94/A/NBP/2015,2015-05-18,3.8642,-0.8
93/A/NBP/2015,2015-05-15,3.8955,-0.87
92/A/NBP/2015,2015-05-14,3.9295,0.43
91/A/NBP/2015,2015-05-13,3.9126,-0.69
90/A/NBP/2015,2015-05-12,3.9399,0.47
89/A/NBP/2015,2015-05-11,3.9216,0.13
88/A/NBP/2015,2015-05-08,3.9166,-0.3
87/A/NBP/2015,2015-05-07,3.9285,0.57
86/A/NBP/2015,2015-05-06,3.9064,1.15
85/A/NBP/2015,2015-05-05,3.8619,-0.35
84/A/NBP/2015,2015-05-04,3.8756,0.83
83/A/NBP/2015,2015-04-30,3.8438,0.74
82/A/NBP/2015,2015-04-29,3.8156,-0.74
81/A/NBP/2015,2015-04-28,3.8441,-0.98
80/A/NBP/2015,2015-04-27,3.8822,0.23
79/A/NBP/2015,2015-04-24,3.8732,0.2
78/A/NBP/2015,2015-04-23,3.8653,-0.9
77/A/NBP/2015,2015-04-22,3.9005,0.46
76/A/NBP/2015,2015-04-21,3.8828,-0.67
75/A/NBP/2015,2015-04-20,3.909,0.05
74/A/NBP/2015,2015-04-17,3.9072,0.44
73/A/NBP/2015,2015-04-16,3.8901,0.26
72/A/NBP/2015,2015-04-15,3.8801,-0.11
71/A/NBP/2015,2015-04-14,3.8845,0.35
70/A/NBP/2015,2015-04-13,3.8708,-0.02
69/A/NBP/2015,2015-04-10,3.8715,0.47
68/A/NBP/2015,2015-04-09,3.8533,-0.15
67/A/NBP/2015,2015-04-08,3.8592,-0.72
66/A/NBP/2015,2015-04-07,3.8872,-0.43
65/A/NBP/2015,2015-04-03,3.904,0.03
64/A/NBP/2015,2015-04-02,3.9028,0.25
63/A/NBP/2015,2015-04-01,3.8929,-0.46
62/A/NBP/2015,2015-03-31,3.911,0.03
61/A/NBP/2015,2015-03-30,3.9097,-0.2
60/A/NBP/2015,2015-03-27,3.9177,0.49
59/A/NBP/2015,2015-03-26,3.8985,-0.03
58/A/NBP/2015,2015-03-25,3.8995,-0.04
57/A/NBP/2015,2015-03-24,3.9011,-0.11
56/A/NBP/2015,2015-03-23,3.9055,-0.12
55/A/NBP/2015,2015-03-20,3.9101,0.45
54/A/NBP/2015,2015-03-19,3.8926,-0.09
53/A/NBP/2015,2015-03-18,3.896,-0.03
52/A/NBP/2015,2015-03-17,3.8971,-0.37
51/A/NBP/2015,2015-03-16,3.9116,0.45
50/A/NBP/2015,2015-03-13,3.894,0.41
49/A/NBP/2015,2015-03-12,3.8781,-0.28
48/A/NBP/2015,2015-03-11,3.8888,0.94
47/A/NBP/2015,2015-03-10,3.8525,-0.02
46/A/NBP/2015,2015-03-09,3.8531,-0.01
45/A/NBP/2015,2015-03-06,3.8535,-0.52
44/A/NBP/2015,2015-03-05,3.8735,-0.5
43/A/NBP/2015,2015-03-04,3.893,0.52
42/A/NBP/2015,2015-03-03,3.8728,-0.04
41/A/NBP/2015,2015-03-02,3.8742,-0.45
40/A/NBP/2015,2015-02-27,3.8919,0.75
39/A/NBP/2015,2015-02-26,3.8628,-0.06
38/A/NBP/2015,2015-02-25,3.8653,-0.66
37/A/NBP/2015,2015-02-24,3.8909,0.17
36/A/NBP/2015,2015-02-23,3.8842,0.16
35/A/NBP/2015,2015-02-20,3.8781,-0.1
34/A/NBP/2015,2015-02-19,3.8818,-0.89
33/A/NBP/2015,2015-02-18,3.9167,-0.51
32/A/NBP/2015,2015-02-17,3.9369,0.01
31/A/NBP/2015,2015-02-16,3.9364,-0.05
30/A/NBP/2015,2015-02-13,3.9383,-0.81
29/A/NBP/2015,2015-02-12,3.9706,-0.9
28/A/NBP/2015,2015-02-11,4.0068,-0.31
27/A/NBP/2015,2015-02-10,4.0192,0.83
26/A/NBP/2015,2015-02-09,3.9861,0.81
25/A/NBP/2015,2015-02-06,3.954,0
24/A/NBP/2015,2015-02-05,3.9541,0.42
23/A/NBP/2015,2015-02-04,3.9375,-1.15
22/A/NBP/2015,2015-02-03,3.9834,0.71
21/A/NBP/2015,2015-02-02,3.9555,-1.55
20/A/NBP/2015,2015-01-30,4.0179,-2.02
19/A/NBP/2015,2015-01-29,4.1007,-0.79
18/A/NBP/2015,2015-01-28,4.1335,-0.05
17/A/NBP/2015,2015-01-27,4.1357,-2.57
16/A/NBP/2015,2015-01-26,4.2448,-1.79
15/A/NBP/2015,2015-01-23,4.3223,0.3
14/A/NBP/2015,2015-01-22,4.3092,-0.16
13/A/NBP/2015,2015-01-21,4.316,1.08
12/A/NBP/2015,2015-01-20,4.2697,-0.48
11/A/NBP/2015,2015-01-19,4.2901,0.82
10/A/NBP/2015,2015-01-16,4.255,2.26
9/A/NBP/2015,2015-01-15,4.1611,16.52
8/A/NBP/2015,2015-01-14,3.5712,0.2
7/A/NBP/2015,2015-01-13,3.5639,0.04
6/A/NBP/2015,2015-01-12,3.5623,-0.11
5/A/NBP/2015,2015-01-09,3.5663,-0.36
4/A/NBP/2015,2015-01-08,3.5792,-0.3
3/A/NBP/2015,2015-01-07,3.5898,0.3
2/A/NBP/2015,2015-01-05,3.5792,-0.11
1/A/NBP/2015,2015-01-02,3.5833,1.09
252/A/NBP/2014,2014-12-31,3.5447,-1.15
251/A/NBP/2014,2014-12-30,3.5859,0.18
250/A/NBP/2014,2014-12-29,3.5794,-0.05
249/A/NBP/2014,2014-12-24,3.5813,0.77
248/A/NBP/2014,2014-12-23,3.5538,0.31
247/A/NBP/2014,2014-12-22,3.5429,-0.15
246/A/NBP/2014,2014-12-19,3.5483,0.83
245/A/NBP/2014,2014-12-18,3.519,-0.05
244/A/NBP/2014,2014-12-17,3.5209,0.84
243/A/NBP/2014,2014-12-16,3.4917,0.43
242/A/NBP/2014,2014-12-15,3.4768,-0.11
241/A/NBP/2014,2014-12-12,3.4807,0.18
240/A/NBP/2014,2014-12-11,3.4745,0.4
239/A/NBP/2014,2014-12-10,3.4605,0.03
238/A/NBP/2014,2014-12-09,3.4594,-0.13
237/A/NBP/2014,2014-12-08,3.4639,0.14
236/A/NBP/2014,2014-12-05,3.4589,0.23
235/A/NBP/2014,2014-12-04,3.451,-0.13
234/A/NBP/2014,2014-12-03,3.4556,-0.03
233/A/NBP/2014,2014-12-02,3.4567,-0.5
232/A/NBP/2014,2014-12-01,3.4741,-0.14
231/A/NBP/2014,2014-11-28,3.4788,0.04
230/A/NBP/2014,2014-11-27,3.4774,0.04
229/A/NBP/2014,2014-11-26,3.4761,-0.28
228/A/NBP/2014,2014-11-25,3.4859,-0.15
227/A/NBP/2014,2014-11-24,3.4911,-0.29
226/A/NBP/2014,2014-11-21,3.5011,-0.24
225/A/NBP/2014,2014-11-20,3.5094,-0.04
224/A/NBP/2014,2014-11-19,3.5108,0
223/A/NBP/2014,2014-11-18,3.5109,-0.19
222/A/NBP/2014,2014-11-17,3.5176,-0.01
221/A/NBP/2014,2014-11-14,3.5179,0.22
220/A/NBP/2014,2014-11-13,3.5103,-0.1
219/A/NBP/2014,2014-11-12,3.5137,0.23
218/A/NBP/2014,2014-11-10,3.5057,-0.06
217/A/NBP/2014,2014-11-07,3.5078,-0.01
216/A/NBP/2014,2014-11-06,3.5083,-0.18
215/A/NBP/2014,2014-11-05,3.5146,0.26
214/A/NBP/2014,2014-11-04,3.5056,0.11
213/A/NBP/2014,2014-11-03,3.5017,0.45
212/A/NBP/2014,2014-10-31,3.486,-0.59
211/A/NBP/2014,2014-10-30,3.5068,0.08
210/A/NBP/2014,2014-10-29,3.5039,0.01
209/A/NBP/2014,2014-10-28,3.5035,0.03
208/A/NBP/2014,2014-10-27,3.5024,-0.01
207/A/NBP/2014,2014-10-24,3.5026,-0.06
206/A/NBP/2014,2014-10-23,3.5046,0.12
205/A/NBP/2014,2014-10-22,3.5003,-0.05
204/A/NBP/2014,2014-10-21,3.5022,0.03
203/A/NBP/2014,2014-10-20,3.5012,-0.04
202/A/NBP/2014,2014-10-17,3.5025,0.08
201/A/NBP/2014,2014-10-16,3.4996,0.4
200/A/NBP/2014,2014-10-15,3.4855,0.21
199/A/NBP/2014,2014-10-14,3.4781,0.34
198/A/NBP/2014,2014-10-13,3.4662,0.35
197/A/NBP/2014,2014-10-10,3.454,0.06
196/A/NBP/2014,2014-10-09,3.452,0
195/A/NBP/2014,2014-10-08,3.452,-0.04
194/A/NBP/2014,2014-10-07,3.4533,0.03
193/A/NBP/2014,2014-10-06,3.4522,-0.14
192/A/NBP/2014,2014-10-03,3.4572,-0.08
191/A/NBP/2014,2014-10-02,3.4599,-0.18
190/A/NBP/2014,2014-10-01,3.4662,0.18
189/A/NBP/2014,2014-09-30,3.46,-0.21
188/A/NBP/2014,2014-09-29,3.4673,0.19
187/A/NBP/2014,2014-09-26,3.4608,0.09
186/A/NBP/2014,2014-09-25,3.4577,-0.06
185/A/NBP/2014,2014-09-24,3.4599,-0.02
184/A/NBP/2014,2014-09-23,3.4606,-0.13
183/A/NBP/2014,2014-09-22,3.465,-0.09
182/A/NBP/2014,2014-09-19,3.4682,0.07
181/A/NBP/2014,2014-09-18,3.4659,0.18
180/A/NBP/2014,2014-09-17,3.4597,-0.33
179/A/NBP/2014,2014-09-16,3.471,-0.06
178/A/NBP/2014,2014-09-15,3.4732,0.12
177/A/NBP/2014,2014-09-12,3.469,0.07
176/A/NBP/2014,2014-09-11,3.4666,-0.46
175/A/NBP/2014,2014-09-10,3.4825,0.03
174/A/NBP/2014,2014-09-09,3.4813,0.39
173/A/NBP/2014,2014-09-08,3.4677,-0.2
172/A/NBP/2014,2014-09-05,3.4748,-0.13
171/A/NBP/2014,2014-09-04,3.4793,0.21
170/A/NBP/2014,2014-09-03,3.472,-0.46
169/A/NBP/2014,2014-09-02,3.4881,-0.06
168/A/NBP/2014,2014-09-01,3.4901,-0.08
167/A/NBP/2014,2014-08-29,3.493,0.23
166/A/NBP/2014,2014-08-28,3.4851,0.46
165/A/NBP/2014,2014-08-27,3.469,0.25
164/A/NBP/2014,2014-08-26,3.4604,0.05
163/A/NBP/2014,2014-08-25,3.4588,-0.04
162/A/NBP/2014,2014-08-22,3.4602,0.04
161/A/NBP/2014,2014-08-21,3.4587,0.08
160/A/NBP/2014,2014-08-20,3.456,-0.06
159/A/NBP/2014,2014-08-19,3.4581,-0.2
158/A/NBP/2014,2014-08-18,3.4649,0.5
157/A/NBP/2014,2014-08-14,3.4478,-0.31
156/A/NBP/2014,2014-08-13,3.4586,-0.09
155/A/NBP/2014,2014-08-12,3.4616,-0.01
154/A/NBP/2014,2014-08-11,3.4618,-0.42
153/A/NBP/2014,2014-08-08,3.4764,0.62
152/A/NBP/2014,2014-08-07,3.4551,0.14
151/A/NBP/2014,2014-08-06,3.4501,0.78
150/A/NBP/2014,2014-08-05,3.4233,-0.33
149/A/NBP/2014,2014-08-04,3.4345,-0.27
148/A/NBP/2014,2014-08-01,3.4438,0.62
147/A/NBP/2014,2014-07-31,3.4225,0.25
146/A/NBP/2014,2014-07-30,3.4138,-0.12
145/A/NBP/2014,2014-07-29,3.418,0.14
144/A/NBP/2014,2014-07-28,3.4132,0.05
143/A/NBP/2014,2014-07-25,3.4114,0.12
142/A/NBP/2014,2014-07-24,3.4074,0.12
141/A/NBP/2014,2014-07-23,3.4034,-0.25
140/A/NBP/2014,2014-07-22,3.4121,-0.15
139/A/NBP/2014,2014-07-21,3.4172,0.01
138/A/NBP/2014,2014-07-18,3.4169,0.29
137/A/NBP/2014,2014-07-17,3.4069,0.24
136/A/NBP/2014,2014-07-16,3.3986,-0.4
135/A/NBP/2014,2014-07-15,3.4124,0.06
134/A/NBP/2014,2014-07-14,3.4102,-0.01
133/A/NBP/2014,2014-07-11,3.4107,0.2
132/A/NBP/2014,2014-07-10,3.404,0.27
131/A/NBP/2014,2014-07-09,3.3949,-0.34
130/A/NBP/2014,2014-07-08,3.4064,-0.15
129/A/NBP/2014,2014-07-07,3.4115,0.11
128/A/NBP/2014,2014-07-04,3.4076,-0.37
127/A/NBP/2014,2014-07-03,3.4201,0.06
126/A/NBP/2014,2014-07-02,3.418,-0.11
125/A/NBP/2014,2014-07-01,3.4219,-0.08
124/A/NBP/2014,2014-06-30,3.4246,0.32
123/A/NBP/2014,2014-06-27,3.4137,0.42
122/A/NBP/2014,2014-06-26,3.3993,-0.21
121/A/NBP/2014,2014-06-25,3.4064,-0.39
120/A/NBP/2014,2014-06-24,3.4198,0.06
119/A/NBP/2014,2014-06-23,3.4179,0.21
118/A/NBP/2014,2014-06-20,3.4109,0.27
117/A/NBP/2014,2014-06-18,3.4018,0.12
116/A/NBP/2014,2014-06-17,3.3976,-0.21
115/A/NBP/2014,2014-06-16,3.4046,0.47
114/A/NBP/2014,2014-06-13,3.3888,0.45
113/A/NBP/2014,2014-06-12,3.3736,-0.12
112/A/NBP/2014,2014-06-11,3.3777,0.23
111/A/NBP/2014,2014-06-10,3.37,0.23
110/A/NBP/2014,2014-06-09,3.3624,-0.67
109/A/NBP/2014,2014-06-06,3.385,0.14
108/A/NBP/2014,2014-06-05,3.3802,-0.59
107/A/NBP/2014,2014-06-04,3.4002,0.43
106/A/NBP/2014,2014-06-03,3.3858,0.03
105/A/NBP/2014,2014-06-02,3.3849,-0.22
104/A/NBP/2014,2014-05-30,3.3924,0.07
103/A/NBP/2014,2014-05-29,3.3899,-0.55
102/A/NBP/2014,2014-05-28,3.4085,-0.02
101/A/NBP/2014,2014-05-27,3.4092,0.13
100/A/NBP/2014,2014-05-26,3.4047,0.13
99/A/NBP/2014,2014-05-23,3.4003,-0.52
98/A/NBP/2014,2014-05-22,3.4181,-0.31
97/A/NBP/2014,2014-05-21,3.4286,0.04
96/A/NBP/2014,2014-05-20,3.4273,0.03
95/A/NBP/2014,2014-05-19,3.4262,-0.21
94/A/NBP/2014,2014-05-16,3.4334,0.27
93/A/NBP/2014,2014-05-15,3.424,-0.14
92/A/NBP/2014,2014-05-14,3.4287,0.11
91/A/NBP/2014,2014-05-13,3.4248,0.01
90/A/NBP/2014,2014-05-12,3.4243,-0.14
89/A/NBP/2014,2014-05-09,3.4292,-0.16
88/A/NBP/2014,2014-05-08,3.4347,-0.43
87/A/NBP/2014,2014-05-07,3.4495,-0.13
86/A/NBP/2014,2014-05-06,3.454,-0.03
85/A/NBP/2014,2014-05-05,3.455,0.31
84/A/NBP/2014,2014-05-02,3.4442,0.03
83/A/NBP/2014,2014-04-30,3.4433,-0.12
82/A/NBP/2014,2014-04-29,3.4474,-0.3
81/A/NBP/2014,2014-04-28,3.4578,0.32
80/A/NBP/2014,2014-04-25,3.4466,0.4
79/A/NBP/2014,2014-04-24,3.4327,-0.03
78/A/NBP/2014,2014-04-23,3.4337,0.09
77/A/NBP/2014,2014-04-22,3.4307,0.04
76/A/NBP/2014,2014-04-18,3.4293,-0.52
75/A/NBP/2014,2014-04-17,3.4471,0.03
74/A/NBP/2014,2014-04-16,3.4461,0.15
73/A/NBP/2014,2014-04-15,3.4409,-0.08
72/A/NBP/2014,2014-04-14,3.4437,0.27
71/A/NBP/2014,2014-04-11,3.4343,0.24
70/A/NBP/2014,2014-04-10,3.4262,0.21
69/A/NBP/2014,2014-04-09,3.4189,0.04
68/A/NBP/2014,2014-04-08,3.4177,0
67/A/NBP/2014,2014-04-07,3.4178,0.37
66/A/NBP/2014,2014-04-04,3.4052,-0.36
65/A/NBP/2014,2014-04-03,3.4176,-0.24
64/A/NBP/2014,2014-04-02,3.4258,-0.08
63/A/NBP/2014,2014-04-01,3.4286,0.27
62/A/NBP/2014,2014-03-31,3.4192,-0.01
61/A/NBP/2014,2014-03-28,3.4194,-0.34
60/A/NBP/2014,2014-03-27,3.4309,0.29
59/A/NBP/2014,2014-03-26,3.4211,-0.45
58/A/NBP/2014,2014-03-25,3.4365,-0.24
57/A/NBP/2014,2014-03-24,3.4448,-0.06
56/A/NBP/2014,2014-03-21,3.4468,-0.12
55/A/NBP/2014,2014-03-20,3.451,-0.08
54/A/NBP/2014,2014-03-19,3.4538,-0.71
53/A/NBP/2014,2014-03-18,3.4786,-0.06
52/A/NBP/2014,2014-03-17,3.4806,-0.18
51/A/NBP/2014,2014-03-14,3.487,0.24
50/A/NBP/2014,2014-03-13,3.4787,0.04
49/A/NBP/2014,2014-03-12,3.4774,0.43
48/A/NBP/2014,2014-03-11,3.4626,0.47
47/A/NBP/2014,2014-03-10,3.4465,0.3
46/A/NBP/2014,2014-03-07,3.4361,0.27
45/A/NBP/2014,2014-03-06,3.4267,-0.22
44/A/NBP/2014,2014-03-05,3.4344,-0.38
43/A/NBP/2014,2014-03-04,3.4474,-0.38
42/A/NBP/2014,2014-03-03,3.4607,1.16
41/A/NBP/2014,2014-02-28,3.4211,-0.57
40/A/NBP/2014,2014-02-27,3.4407,0.92
39/A/NBP/2014,2014-02-26,3.4094,-0.03
38/A/NBP/2014,2014-02-25,3.4103,-0.05
37/A/NBP/2014,2014-02-24,3.4121,-0.08
36/A/NBP/2014,2014-02-21,3.4149,-0.29
35/A/NBP/2014,2014-02-20,3.4247,0.48
34/A/NBP/2014,2014-02-19,3.4083,0.19
33/A/NBP/2014,2014-02-18,3.4017,0.29
32/A/NBP/2014,2014-02-17,3.3917,-0.17
31/A/NBP/2014,2014-02-14,3.3974,-0.57
30/A/NBP/2014,2014-02-13,3.417,0.39
29/A/NBP/2014,2014-02-12,3.4036,-0.33
28/A/NBP/2014,2014-02-11,3.4149,-0.14
27/A/NBP/2014,2014-02-10,3.4196,-0.1
26/A/NBP/2014,2014-02-07,3.4229,0.01
25/A/NBP/2014,2014-02-06,3.4227,-0.08
24/A/NBP/2014,2014-02-05,3.4254,-0.68
23/A/NBP/2014,2014-02-04,3.4489,-0.55
22/A/NBP/2014,2014-02-03,3.4678,0.1
21/A/NBP/2014,2014-01-31,3.4644,-0.05
20/A/NBP/2014,2014-01-30,3.4663,0.92
19/A/NBP/2014,2014-01-29,3.4348,0.83
18/A/NBP/2014,2014-01-28,3.4065,-1.32
17/A/NBP/2014,2014-01-27,3.452,0.83
16/A/NBP/2014,2014-01-24,3.4237,1.16
15/A/NBP/2014,2014-01-23,3.3843,0.25
14/A/NBP/2014,2014-01-22,3.3758,0.15
13/A/NBP/2014,2014-01-21,3.3706,-0.04
12/A/NBP/2014,2014-01-20,3.3719,-0.08
11/A/NBP/2014,2014-01-17,3.3745,0.09
10/A/NBP/2014,2014-01-16,3.3713,0.29
9/A/NBP/2014,2014-01-15,3.3614,-0.35
8/A/NBP/2014,2014-01-14,3.3731,0.04
7/A/NBP/2014,2014-01-13,3.3718,-0.3
6/A/NBP/2014,2014-01-10,3.3818,0.09
5/A/NBP/2014,2014-01-09,3.3787,0.07
4/A/NBP/2014,2014-01-08,3.3765,-0.15
3/A/NBP/2014,2014-01-07,3.3817,-0.2
2/A/NBP/2014,2014-01-03,3.3884,0.2
1/A/NBP/2014,2014-01-02,3.3816,0
251/A/NBP/2013,2013-12-31,3.3816,-0.15
250/A/NBP/2013,2013-12-30,3.3866,-0.13
249/A/NBP/2013,2013-12-27,3.391,0.01
248/A/NBP/2013,2013-12-24,3.3908,-0.16
247/A/NBP/2013,2013-12-23,3.3962,-0.05
246/A/NBP/2013,2013-12-20,3.3978,-0.23
245/A/NBP/2013,2013-12-19,3.4055,-0.45
244/A/NBP/2013,2013-12-18,3.4208,-0.01
243/A/NBP/2013,2013-12-17,3.4212,0.03
242/A/NBP/2013,2013-12-16,3.4202,-0.08
241/A/NBP/2013,2013-12-13,3.4228,-0.07
240/A/NBP/2013,2013-12-12,3.4252,0.09
239/A/NBP/2013,2013-12-11,3.4221,0.12
238/A/NBP/2013,2013-12-10,3.4181,-0.09
237/A/NBP/2013,2013-12-09,3.4211,-0.08
236/A/NBP/2013,2013-12-06,3.4238,0.06
235/A/NBP/2013,2013-12-05,3.4218,0.11
234/A/NBP/2013,2013-12-04,3.4182,0.01
233/A/NBP/2013,2013-12-03,3.4179,0.29
232/A/NBP/2013,2013-12-02,3.4079,-0.01
231/A/NBP/2013,2013-11-29,3.4084,-0.05
230/A/NBP/2013,2013-11-28,3.4101,-0.16
229/A/NBP/2013,2013-11-27,3.4155,0.28
228/A/NBP/2013,2013-11-26,3.4058,-0.04
227/A/NBP/2013,2013-11-25,3.4073,-0.1
226/A/NBP/2013,2013-11-22,3.4108,0.24
225/A/NBP/2013,2013-11-21,3.4027,0.2
224/A/NBP/2013,2013-11-20,3.396,0.24
223/A/NBP/2013,2013-11-19,3.388,-0.09
222/A/NBP/2013,2013-11-18,3.3909,-0.05
221/A/NBP/2013,2013-11-15,3.3926,-0.17
220/A/NBP/2013,2013-11-14,3.3984,-0.48
219/A/NBP/2013,2013-11-13,3.4147,0.02
218/A/NBP/2013,2013-11-12,3.414,0.47
217/A/NBP/2013,2013-11-08,3.3979,0.51
216/A/NBP/2013,2013-11-07,3.3806,-0.21
215/A/NBP/2013,2013-11-06,3.3877,-0.37
214/A/NBP/2013,2013-11-05,3.4004,0.16
213/A/NBP/2013,2013-11-04,3.395,0.22
212/A/NBP/2013,2013-10-31,3.3875,-0.05
211/A/NBP/2013,2013-10-30,3.3892,-0.03
210/A/NBP/2013,2013-10-29,3.3901,0.07
209/A/NBP/2013,2013-10-28,3.3876,-0.38
208/A/NBP/2013,2013-10-25,3.4005,-0.03
207/A/NBP/2013,2013-10-24,3.4016,0.21
206/A/NBP/2013,2013-10-23,3.3944,0.35
205/A/NBP/2013,2013-10-22,3.3827,-0.14
204/A/NBP/2013,2013-10-21,3.3874,0.15
203/A/NBP/2013,2013-10-18,3.3824,-0.1
202/A/NBP/2013,2013-10-17,3.3858,0.13
201/A/NBP/2013,2013-10-16,3.3814,-0.22
200/A/NBP/2013,2013-10-15,3.3889,-0.11
199/A/NBP/2013,2013-10-14,3.3927,-0.15
198/A/NBP/2013,2013-10-11,3.3977,-0.19
197/A/NBP/2013,2013-10-10,3.4041,-0.37
196/A/NBP/2013,2013-10-09,3.4168,0.17
195/A/NBP/2013,2013-10-08,3.411,-0.68
194/A/NBP/2013,2013-10-07,3.4345,0.1
193/A/NBP/2013,2013-10-04,3.4312,0.01
192/A/NBP/2013,2013-10-03,3.431,-0.52
191/A/NBP/2013,2013-10-02,3.4488,-0.07
190/A/NBP/2013,2013-10-01,3.4512,0.03
189/A/NBP/2013,2013-09-30,3.45,-0.02
188/A/NBP/2013,2013-09-27,3.4506,0.37
187/A/NBP/2013,2013-09-26,3.4379,0.3
186/A/NBP/2013,2013-09-25,3.4275,-0.3
185/A/NBP/2013,2013-09-24,3.4379,0.25
184/A/NBP/2013,2013-09-23,3.4292,0.23
183/A/NBP/2013,2013-09-20,3.4215,0.96
182/A/NBP/2013,2013-09-19,3.3889,-0.96
181/A/NBP/2013,2013-09-18,3.4217,0.42
180/A/NBP/2013,2013-09-17,3.4074,0.4
179/A/NBP/2013,2013-09-16,3.3937,-0.26
178/A/NBP/2013,2013-09-13,3.4024,-0.3
177/A/NBP/2013,2013-09-12,3.4128,-0.24
176/A/NBP/2013,2013-09-11,3.4211,-0.74
175/A/NBP/2013,2013-09-10,3.4465,-0.23
174/A/NBP/2013,2013-09-09,3.4543,-0.37
173/A/NBP/2013,2013-09-06,3.4673,0.36
172/A/NBP/2013,2013-09-05,3.4549,-0.1
171/A/NBP/2013,2013-09-04,3.4582,-0.29
170/A/NBP/2013,2013-09-03,3.4681,0.53
169/A/NBP/2013,2013-09-02,3.4497,-0.39
168/A/NBP/2013,2013-08-30,3.4632,-0.48
167/A/NBP/2013,2013-08-29,3.4799,0.5
166/A/NBP/2013,2013-08-28,3.4626,0.3
165/A/NBP/2013,2013-08-27,3.4522,0.72
164/A/NBP/2013,2013-08-26,3.4274,-0.01
163/A/NBP/2013,2013-08-23,3.4278,-0.38
162/A/NBP/2013,2013-08-22,3.4408,-0.19
161/A/NBP/2013,2013-08-21,3.4473,-0.12
160/A/NBP/2013,2013-08-20,3.4513,0.38
159/A/NBP/2013,2013-08-19,3.4384,0.67
158/A/NBP/2013,2013-08-16,3.4154,1.02
157/A/NBP/2013,2013-08-14,3.381,-0.39
156/A/NBP/2013,2013-08-13,3.3942,-0.28
155/A/NBP/2013,2013-08-12,3.4036,-0.06
154/A/NBP/2013,2013-08-09,3.4055,-0.35
153/A/NBP/2013,2013-08-08,3.4176,-0.09
152/A/NBP/2013,2013-08-07,3.4208,0.04
151/A/NBP/2013,2013-08-06,3.4196,-0.07
150/A/NBP/2013,2013-08-05,3.4221,-0.38
149/A/NBP/2013,2013-08-02,3.435,-0.06
148/A/NBP/2013,2013-08-01,3.4372,-0.27
147/A/NBP/2013,2013-07-31,3.4465,0.78
146/A/NBP/2013,2013-07-30,3.4198,-0.35
145/A/NBP/2013,2013-07-29,3.4318,0.03
144/A/NBP/2013,2013-07-26,3.4308,0.18
143/A/NBP/2013,2013-07-25,3.4247,0.83
142/A/NBP/2013,2013-07-24,3.3964,-0.45
141/A/NBP/2013,2013-07-23,3.4117,-0.27
140/A/NBP/2013,2013-07-22,3.4209,-0.33
139/A/NBP/2013,2013-07-19,3.4321,-0.02
138/A/NBP/2013,2013-07-18,3.4329,-0.47
137/A/NBP/2013,2013-07-17,3.4492,-0.07
136/A/NBP/2013,2013-07-16,3.4516,-0.34
135/A/NBP/2013,2013-07-15,3.4633,-0.84
134/A/NBP/2013,2013-07-12,3.4928,-0.06
133/A/NBP/2013,2013-07-11,3.4949,0.4
132/A/NBP/2013,2013-07-10,3.4811,0.12
131/A/NBP/2013,2013-07-09,3.4769,-0.12
130/A/NBP/2013,2013-07-08,3.4811,0.37
129/A/NBP/2013,2013-07-05,3.4682,-1.04
128/A/NBP/2013,2013-07-04,3.5048,-0.68
127/A/NBP/2013,2013-07-03,3.5288,0.75
126/A/NBP/2013,2013-07-02,3.5027,-0.28
125/A/NBP/2013,2013-07-01,3.5125,0.13
124/A/NBP/2013,2013-06-28,3.5078,-0.37
123/A/NBP/2013,2013-06-27,3.5207,-0.44
122/A/NBP/2013,2013-06-26,3.5364,0.54
121/A/NBP/2013,2013-06-25,3.5174,-0.82
120/A/NBP/2013,2013-06-24,3.5465,0.5
119/A/NBP/2013,2013-06-21,3.5289,0.6
118/A/NBP/2013,2013-06-20,3.5079,1.58
117/A/NBP/2013,2013-06-19,3.4535,0.24
116/A/NBP/2013,2013-06-18,3.4453,0.25
115/A/NBP/2013,2013-06-17,3.4368,0.36
114/A/NBP/2013,2013-06-14,3.4244,-1.53
113/A/NBP/2013,2013-06-13,3.4775,0.66
112/A/NBP/2013,2013-06-12,3.4548,-0.12
111/A/NBP/2013,2013-06-11,3.4591,0.63
110/A/NBP/2013,2013-06-10,3.4374,-1.77
109/A/NBP/2013,2013-06-07,3.4993,1.13
108/A/NBP/2013,2013-06-06,3.4602,1.27
107/A/NBP/2013,2013-06-05,3.4168,-0.27
106/A/NBP/2013,2013-06-04,3.4259,-0.22
105/A/NBP/2013,2013-06-03,3.4335,-0.68
104/A/NBP/2013,2013-05-31,3.4569,2.18
103/A/NBP/2013,2013-05-29,3.3832,0.99
102/A/NBP/2013,2013-05-28,3.3501,-0.66
101/A/NBP/2013,2013-05-27,3.3723,0.43
100/A/NBP/2013,2013-05-24,3.3579,-0.45
99/A/NBP/2013,2013-05-23,3.3732,1.18
98/A/NBP/2013,2013-05-22,3.3337,-0.69
97/A/NBP/2013,2013-05-21,3.357,0.34
96/A/NBP/2013,2013-05-20,3.3457,-0.52
95/A/NBP/2013,2013-05-17,3.3633,0.19
94/A/NBP/2013,2013-05-16,3.357,0.66
93/A/NBP/2013,2013-05-15,3.3349,-0.6
92/A/NBP/2013,2013-05-14,3.3549,0.32
91/A/NBP/2013,2013-05-13,3.3441,0.59
90/A/NBP/2013,2013-05-10,3.3244,-0.98
89/A/NBP/2013,2013-05-09,3.3572,-0.33
88/A/NBP/2013,2013-05-08,3.3684,-0.27
87/A/NBP/2013,2013-05-07,3.3774,0.04
86/A/NBP/2013,2013-05-06,3.376,-0.56
85/A/NBP/2013,2013-05-02,3.395,0.38
84/A/NBP/2013,2013-04-30,3.3821,0.2
83/A/NBP/2013,2013-04-29,3.3753,-0.27
82/A/NBP/2013,2013-04-26,3.3843,0.58
81/A/NBP/2013,2013-04-25,3.3648,-0.1
80/A/NBP/2013,2013-04-24,3.3682,-0.47
79/A/NBP/2013,2013-04-23,3.384,0.52
78/A/NBP/2013,2013-04-22,3.3666,-0.33
77/A/NBP/2013,2013-04-19,3.3777,-0.22
76/A/NBP/2013,2013-04-18,3.385,0.1
75/A/NBP/2013,2013-04-17,3.3815,-0.17
74/A/NBP/2013,2013-04-16,3.3872,0.04
73/A/NBP/2013,2013-04-15,3.3857,0.07
72/A/NBP/2013,2013-04-12,3.3833,0.42
71/A/NBP/2013,2013-04-11,3.3691,-0.11
70/A/NBP/2013,2013-04-10,3.3727,-0.4
69/A/NBP/2013,2013-04-09,3.3863,-0.8
68/A/NBP/2013,2013-04-08,3.4137,-0.73
67/A/NBP/2013,2013-04-05,3.4389,-0.2
66/A/NBP/2013,2013-04-04,3.4457,0.12
65/A/NBP/2013,2013-04-03,3.4416,-0.02
64/A/NBP/2013,2013-04-02,3.4422,0.29
63/A/NBP/2013,2013-03-29,3.4323,-0.08
62/A/NBP/2013,2013-03-28,3.4349,0.13
61/A/NBP/2013,2013-03-27,3.4304,0.35
60/A/NBP/2013,2013-03-26,3.4184,0.49
59/A/NBP/2013,2013-03-25,3.4019,-0.69
58/A/NBP/2013,2013-03-22,3.4257,0.05
57/A/NBP/2013,2013-03-21,3.424,0.71
56/A/NBP/2013,2013-03-20,3.3999,0.41
55/A/NBP/2013,2013-03-19,3.386,-0.32
54/A/NBP/2013,2013-03-18,3.3969,0.59
53/A/NBP/2013,2013-03-15,3.377,0.69
52/A/NBP/2013,2013-03-14,3.3539,-0.37
51/A/NBP/2013,2013-03-13,3.3663,0.06
50/A/NBP/2013,2013-03-12,3.3643,0.5
49/A/NBP/2013,2013-03-11,3.3475,-0.32
48/A/NBP/2013,2013-03-08,3.3583,-0.14
47/A/NBP/2013,2013-03-07,3.363,0.36
46/A/NBP/2013,2013-03-06,3.351,-0.54
45/A/NBP/2013,2013-03-05,3.3691,-0.14
44/A/NBP/2013,2013-03-04,3.3737,-0.32
43/A/NBP/2013,2013-03-01,3.3846,-0.66
42/A/NBP/2013,2013-02-28,3.4072,-0.38
41/A/NBP/2013,2013-02-27,3.4203,0.17
40/A/NBP/2013,2013-02-26,3.4145,0.79
39/A/NBP/2013,2013-02-25,3.3878,0.24
38/A/NBP/2013,2013-02-22,3.3797,-0.48
37/A/NBP/2013,2013-02-21,3.396,0.69
36/A/NBP/2013,2013-02-20,3.3728,-0.65
35/A/NBP/2013,2013-02-19,3.3949,-0.22
34/A/NBP/2013,2013-02-18,3.4024,-0.11
33/A/NBP/2013,2013-02-15,3.4061,0.61
32/A/NBP/2013,2013-02-14,3.3853,0.19
31/A/NBP/2013,2013-02-13,3.3788,-0.36
30/A/NBP/2013,2013-02-12,3.3909,0.25
29/A/NBP/2013,2013-02-11,3.3823,-0.18
28/A/NBP/2013,2013-02-08,3.3884,-0.39
27/A/NBP/2013,2013-02-07,3.4017,0.52
26/A/NBP/2013,2013-02-06,3.3841,-0.26
25/A/NBP/2013,2013-02-05,3.3929,1.09
24/A/NBP/2013,2013-02-04,3.3564,-1.26
23/A/NBP/2013,2013-02-01,3.3991,0.3
22/A/NBP/2013,2013-01-31,3.389,0.78
21/A/NBP/2013,2013-01-30,3.3629,-0.4
20/A/NBP/2013,2013-01-29,3.3763,0.69
19/A/NBP/2013,2013-01-28,3.3531,-0.44
18/A/NBP/2013,2013-01-25,3.368,-0.52
17/A/NBP/2013,2013-01-24,3.3857,0.8
16/A/NBP/2013,2013-01-23,3.3587,-0.3
15/A/NBP/2013,2013-01-22,3.3689,0.12
14/A/NBP/2013,2013-01-21,3.3648,1.76
13/A/NBP/2013,2013-01-18,3.3067,-0.19
12/A/NBP/2013,2013-01-17,3.3129,-0.92
11/A/NBP/2013,2013-01-16,3.3437,0.32
10/A/NBP/2013,2013-01-15,3.333,-1.02
9/A/NBP/2013,2013-01-14,3.3674,-0.06
8/A/NBP/2013,2013-01-11,3.3693,-0.07
7/A/NBP/2013,2013-01-10,3.3718,-1.05
6/A/NBP/2013,2013-01-09,3.4075,-0.14
5/A/NBP/2013,2013-01-08,3.4123,0.09
4/A/NBP/2013,2013-01-07,3.4094,-0.04
3/A/NBP/2013,2013-01-04,3.4106,1.15
2/A/NBP/2013,2013-01-03,3.3717,0.21
1/A/NBP/2013,2013-01-02,3.3647,-0.65
252/A/NBP/2012,2012-12-31,3.3868,0.42
251/A/NBP/2012,2012-12-28,3.3725,-0.34
250/A/NBP/2012,2012-12-27,3.3839,0.4
249/A/NBP/2012,2012-12-24,3.3705,0.14
248/A/NBP/2012,2012-12-21,3.3657,-0.17
247/A/NBP/2012,2012-12-20,3.3716,0.04
246/A/NBP/2012,2012-12-19,3.3703,-0.46
245/A/NBP/2012,2012-12-18,3.386,0.14
244/A/NBP/2012,2012-12-17,3.3811,-0.11
243/A/NBP/2012,2012-12-14,3.3847,0.04
242/A/NBP/2012,2012-12-13,3.3834,0.17
241/A/NBP/2012,2012-12-12,3.3775,-0.28
240/A/NBP/2012,2012-12-11,3.387,-0.94
239/A/NBP/2012,2012-12-10,3.4193,0.08
238/A/NBP/2012,2012-12-07,3.4166,0.4
237/A/NBP/2012,2012-12-06,3.4031,0.22
236/A/NBP/2012,2012-12-05,3.3956,-0.16
235/A/NBP/2012,2012-12-04,3.401,-0.12
234/A/NBP/2012,2012-12-03,3.405,-0.11
233/A/NBP/2012,2012-11-30,3.4088,0.19
232/A/NBP/2012,2012-11-29,3.4025,-0.37
231/A/NBP/2012,2012-11-28,3.4151,0.31
230/A/NBP/2012,2012-11-27,3.4044,-0.38
229/A/NBP/2012,2012-11-26,3.4173,-0.1
228/A/NBP/2012,2012-11-23,3.4208,0.15
227/A/NBP/2012,2012-11-22,3.4158,-0.32
226/A/NBP/2012,2012-11-21,3.4267,-0.22
225/A/NBP/2012,2012-11-20,3.4342,-0.32
224/A/NBP/2012,2012-11-19,3.4452,-0.34
223/A/NBP/2012,2012-11-16,3.457,-0.2
222/A/NBP/2012,2012-11-15,3.4639,-0.13
221/A/NBP/2012,2012-11-14,3.4685,-0.01
220/A/NBP/2012,2012-11-13,3.4688,0.36
219/A/NBP/2012,2012-11-12,3.4565,0.43
218/A/NBP/2012,2012-11-09,3.4418,-0.23
217/A/NBP/2012,2012-11-08,3.4496,1.29
216/A/NBP/2012,2012-11-07,3.4058,-0.23
215/A/NBP/2012,2012-11-06,3.4135,-0.07
214/A/NBP/2012,2012-11-05,3.4158,0.14
213/A/NBP/2012,2012-11-02,3.4109,-0.41
212/A/NBP/2012,2012-10-31,3.4249,-0.09
211/A/NBP/2012,2012-10-30,3.4279,-0.09
210/A/NBP/2012,2012-10-29,3.431,-0.08
209/A/NBP/2012,2012-10-26,3.4336,0.28
208/A/NBP/2012,2012-10-25,3.424,0.1
207/A/NBP/2012,2012-10-24,3.4206,0.27
206/A/NBP/2012,2012-10-23,3.4114,0.57
205/A/NBP/2012,2012-10-22,3.3921,-0.22
204/A/NBP/2012,2012-10-19,3.3996,0.2
203/A/NBP/2012,2012-10-18,3.3928,0.26
202/A/NBP/2012,2012-10-17,3.3839,0.05
201/A/NBP/2012,2012-10-16,3.3822,-0.04
200/A/NBP/2012,2012-10-15,3.3835,-0.09
199/A/NBP/2012,2012-10-12,3.3866,-0.22
198/A/NBP/2012,2012-10-11,3.3942,0.77
197/A/NBP/2012,2012-10-10,3.3683,0.21
196/A/NBP/2012,2012-10-09,3.3613,-0.2
195/A/NBP/2012,2012-10-08,3.3679,0.09
194/A/NBP/2012,2012-10-05,3.3649,-0.35
193/A/NBP/2012,2012-10-04,3.3768,-0.81
192/A/NBP/2012,2012-10-03,3.4044,0.18
191/A/NBP/2012,2012-10-02,3.3982,0.17
190/A/NBP/2012,2012-10-01,3.3925,-0.24
189/A/NBP/2012,2012-09-28,3.4008,-0.97
188/A/NBP/2012,2012-09-27,3.4342,0.27
187/A/NBP/2012,2012-09-26,3.4251,-0.15
186/A/NBP/2012,2012-09-25,3.4301,-0.16
185/A/NBP/2012,2012-09-24,3.4356,0.67
184/A/NBP/2012,2012-09-21,3.4126,-0.91
183/A/NBP/2012,2012-09-20,3.444,1.07
182/A/NBP/2012,2012-09-19,3.4075,0.19
181/A/NBP/2012,2012-09-18,3.4012,1.14
180/A/NBP/2012,2012-09-17,3.3628,0.75
179/A/NBP/2012,2012-09-14,3.3379,-1.72
178/A/NBP/2012,2012-09-13,3.3963,0.63
177/A/NBP/2012,2012-09-12,3.3749,-0.81
176/A/NBP/2012,2012-09-11,3.4023,0.15
175/A/NBP/2012,2012-09-10,3.3971,-0.29
174/A/NBP/2012,2012-09-07,3.4071,-1.27
173/A/NBP/2012,2012-09-06,3.4508,-1.68
172/A/NBP/2012,2012-09-05,3.5096,0.49
171/A/NBP/2012,2012-09-04,3.4926,-0.09
170/A/NBP/2012,2012-09-03,3.4958,0.34
169/A/NBP/2012,2012-08-31,3.4839,-0.21
168/A/NBP/2012,2012-08-30,3.4911,0.92
167/A/NBP/2012,2012-08-29,3.4592,1.47
166/A/NBP/2012,2012-08-28,3.4091,0.39
165/A/NBP/2012,2012-08-27,3.3959,-0.55
164/A/NBP/2012,2012-08-24,3.4147,0.61
163/A/NBP/2012,2012-08-23,3.3939,0.09
162/A/NBP/2012,2012-08-22,3.3908,0.1
161/A/NBP/2012,2012-08-21,3.3874,0.01
160/A/NBP/2012,2012-08-20,3.3871,0.01
159/A/NBP/2012,2012-08-17,3.3868,-0.38
158/A/NBP/2012,2012-08-16,3.3998,-0.15
157/A/NBP/2012,2012-08-14,3.4048,0.17
156/A/NBP/2012,2012-08-13,3.3989,0.12
155/A/NBP/2012,2012-08-10,3.3949,0.39
154/A/NBP/2012,2012-08-09,3.3816,-0.76
153/A/NBP/2012,2012-08-08,3.4074,1.18
152/A/NBP/2012,2012-08-07,3.3675,-0.1
151/A/NBP/2012,2012-08-06,3.3709,-1.17
150/A/NBP/2012,2012-08-03,3.4108,-0.16
149/A/NBP/2012,2012-08-02,3.4161,-0.27
148/A/NBP/2012,2012-08-01,3.4253,0.14
147/A/NBP/2012,2012-07-31,3.4206,-0.78
146/A/NBP/2012,2012-07-30,3.4475,-0.14
145/A/NBP/2012,2012-07-27,3.4523,-0.93
144/A/NBP/2012,2012-07-26,3.4847,-0.56
143/A/NBP/2012,2012-07-25,3.5043,0.15
142/A/NBP/2012,2012-07-24,3.499,0.52
141/A/NBP/2012,2012-07-23,3.4809,0.42
140/A/NBP/2012,2012-07-20,3.4662,0.09
139/A/NBP/2012,2012-07-19,3.463,-0.29
138/A/NBP/2012,2012-07-18,3.473,-0.18
137/A/NBP/2012,2012-07-17,3.4791,-0.38
136/A/NBP/2012,2012-07-16,3.4924,-0.27
135/A/NBP/2012,2012-07-13,3.5018,0.11
134/A/NBP/2012,2012-07-12,3.4979,0.49
133/A/NBP/2012,2012-07-11,3.4807,-0.56
132/A/NBP/2012,2012-07-10,3.5004,-0.85
131/A/NBP/2012,2012-07-09,3.5305,0.53
130/A/NBP/2012,2012-07-06,3.5119,-0.07
129/A/NBP/2012,2012-07-05,3.5142,0.39
128/A/NBP/2012,2012-07-04,3.5005,-0.13
127/A/NBP/2012,2012-07-03,3.5052,-0.47
126/A/NBP/2012,2012-07-02,3.5217,-0.73
125/A/NBP/2012,2012-06-29,3.5477,-0.36
124/A/NBP/2012,2012-06-28,3.5605,0.62
123/A/NBP/2012,2012-06-27,3.5387,-0.21
122/A/NBP/2012,2012-06-26,3.5463,-0.14
121/A/NBP/2012,2012-06-25,3.5511,-0.15
120/A/NBP/2012,2012-06-22,3.5564,0.3
119/A/NBP/2012,2012-06-21,3.5459,0.18
118/A/NBP/2012,2012-06-20,3.5397,-0.53
117/A/NBP/2012,2012-06-19,3.5586,0.14
116/A/NBP/2012,2012-06-18,3.5536,-0.57
115/A/NBP/2012,2012-06-15,3.574,-0.66
114/A/NBP/2012,2012-06-14,3.5977,-0.22
113/A/NBP/2012,2012-06-13,3.6057,0.19
112/A/NBP/2012,2012-06-12,3.5987,0.71
111/A/NBP/2012,2012-06-11,3.5734,-0.38
110/A/NBP/2012,2012-06-08,3.587,-0.8
109/A/NBP/2012,2012-06-06,3.6159,-1.12
108/A/NBP/2012,2012-06-05,3.657,-0.22
107/A/NBP/2012,2012-06-04,3.6651,-0.25
106/A/NBP/2012,2012-06-01,3.6743,0.54
105/A/NBP/2012,2012-05-31,3.6545,0.37
104/A/NBP/2012,2012-05-30,3.6411,0.57
103/A/NBP/2012,2012-05-29,3.6203,0.21
102/A/NBP/2012,2012-05-28,3.6126,-0.22
101/A/NBP/2012,2012-05-25,3.6206,-0.42
100/A/NBP/2012,2012-05-24,3.6357,0.2
99/A/NBP/2012,2012-05-23,3.6285,0.87
98/A/NBP/2012,2012-05-22,3.5973,-0.27
97/A/NBP/2012,2012-05-21,3.607,-0.83
96/A/NBP/2012,2012-05-18,3.6371,0.44
95/A/NBP/2012,2012-05-17,3.621,-0.44
94/A/NBP/2012,2012-05-16,3.6371,1.22
93/A/NBP/2012,2012-05-15,3.5932,0.35
92/A/NBP/2012,2012-05-14,3.5808,1.4
91/A/NBP/2012,2012-05-11,3.5313,0.08
90/A/NBP/2012,2012-05-10,3.5286,0.78
89/A/NBP/2012,2012-05-09,3.5014,0.24
88/A/NBP/2012,2012-05-08,3.493,-0.08
87/A/NBP/2012,2012-05-07,3.4959,0.28
86/A/NBP/2012,2012-05-04,3.4861,0.68
85/A/NBP/2012,2012-05-02,3.4625,-0.31
84/A/NBP/2012,2012-04-30,3.4731,-0.26
83/A/NBP/2012,2012-04-27,3.482,0.03
82/A/NBP/2012,2012-04-26,3.4809,-0.09
81/A/NBP/2012,2012-04-25,3.4841,-0.43
80/A/NBP/2012,2012-04-24,3.4992,0
79/A/NBP/2012,2012-04-23,3.4991,0.4
78/A/NBP/2012,2012-04-20,3.4853,0.05
77/A/NBP/2012,2012-04-19,3.4837,0.28
76/A/NBP/2012,2012-04-18,3.4738,-0.38
75/A/NBP/2012,2012-04-17,3.4872,-0.19
74/A/NBP/2012,2012-04-16,3.494,0.5
73/A/NBP/2012,2012-04-13,3.4765,0.11
72/A/NBP/2012,2012-04-12,3.4728,-0.68
71/A/NBP/2012,2012-04-11,3.4966,0.67
70/A/NBP/2012,2012-04-10,3.4732,0.43
69/A/NBP/2012,2012-04-06,3.4584,0.17
68/A/NBP/2012,2012-04-05,3.4526,0.22
67/A/NBP/2012,2012-04-04,3.4449,0.33
66/A/NBP/2012,2012-04-03,3.4335,-0.19
65/A/NBP/2012,2012-04-02,3.4401,-0.4
64/A/NBP/2012,2012-03-30,3.454,0.09
63/A/NBP/2012,2012-03-29,3.451,0.28
62/A/NBP/2012,2012-03-28,3.4415,0.52
61/A/NBP/2012,2012-03-27,3.4236,-0.36
60/A/NBP/2012,2012-03-26,3.436,-0.54
59/A/NBP/2012,2012-03-23,3.4548,-0.12
58/A/NBP/2012,2012-03-22,3.4588,0.82
57/A/NBP/2012,2012-03-21,3.4306,0.25
56/A/NBP/2012,2012-03-20,3.4221,0.05
55/A/NBP/2012,2012-03-19,3.4205,-0.16
54/A/NBP/2012,2012-03-16,3.426,0.15
53/A/NBP/2012,2012-03-15,3.421,0.04
52/A/NBP/2012,2012-03-14,3.4195,0.27
51/A/NBP/2012,2012-03-13,3.4103,0.14
50/A/NBP/2012,2012-03-12,3.4055,-0.21
49/A/NBP/2012,2012-03-09,3.4125,-0.29
48/A/NBP/2012,2012-03-08,3.4224,-0.78
47/A/NBP/2012,2012-03-07,3.4492,0.06
46/A/NBP/2012,2012-03-06,3.4472,0.53
45/A/NBP/2012,2012-03-05,3.429,0.5
44/A/NBP/2012,2012-03-02,3.4119,-0.17
43/A/NBP/2012,2012-03-01,3.4178,-0.41
42/A/NBP/2012,2012-02-29,3.4318,-0.63
41/A/NBP/2012,2012-02-28,3.4535,-0.56
40/A/NBP/2012,2012-02-27,3.473,0.54
39/A/NBP/2012,2012-02-24,3.4543,-0.38
38/A/NBP/2012,2012-02-23,3.4676,0.04
37/A/NBP/2012,2012-02-22,3.4663,0.34
36/A/NBP/2012,2012-02-21,3.4547,-0.05
35/A/NBP/2012,2012-02-20,3.4565,-0.26
34/A/NBP/2012,2012-02-17,3.4654,-1.06
33/A/NBP/2012,2012-02-16,3.5027,1.46
32/A/NBP/2012,2012-02-15,3.4523,-0.51
31/A/NBP/2012,2012-02-14,3.4701,0.03
30/A/NBP/2012,2012-02-13,3.4692,-0.17
29/A/NBP/2012,2012-02-10,3.4752,0.71
28/A/NBP/2012,2012-02-09,3.4507,0.22
27/A/NBP/2012,2012-02-08,3.4431,-0.58
26/A/NBP/2012,2012-02-07,3.4633,-0.18
25/A/NBP/2012,2012-02-06,3.4695,-0.26
24/A/NBP/2012,2012-02-03,3.4784,-0.22
23/A/NBP/2012,2012-02-02,3.4861,0.11
22/A/NBP/2012,2012-02-01,3.4824,-0.66
21/A/NBP/2012,2012-01-31,3.5054,-0.8
20/A/NBP/2012,2012-01-30,3.5335,1.06
19/A/NBP/2012,2012-01-27,3.4966,-0.51
18/A/NBP/2012,2012-01-26,3.5147,-0.86
17/A/NBP/2012,2012-01-25,3.5453,-0.26
16/A/NBP/2012,2012-01-24,3.5545,-0.45
15/A/NBP/2012,2012-01-23,3.5707,-0.31
14/A/NBP/2012,2012-01-20,3.5819,-0.26
13/A/NBP/2012,2012-01-19,3.5912,-0.13
12/A/NBP/2012,2012-01-18,3.5959,-0.49
11/A/NBP/2012,2012-01-17,3.6136,-0.84
10/A/NBP/2012,2012-01-16,3.6443,0.18
9/A/NBP/2012,2012-01-13,3.6376,-1.03
8/A/NBP/2012,2012-01-12,3.6756,-0.14
7/A/NBP/2012,2012-01-11,3.6807,-0.56
6/A/NBP/2012,2012-01-10,3.7015,0.2
5/A/NBP/2012,2012-01-09,3.694,-0.26
4/A/NBP/2012,2012-01-05,3.7037,0.88
3/A/NBP/2012,2012-01-04,3.6714,0.25
2/A/NBP/2012,2012-01-03,3.6622,-0.13
1/A/NBP/2012,2012-01-02,3.6668,0.92
252/A/NBP/2011,2011-12-30,3.6333,0.46
251/A/NBP/2011,2011-12-29,3.6167,0.5
250/A/NBP/2011,2011-12-28,3.5988,-0.42
249/A/NBP/2011,2011-12-27,3.6139,-0.45
248/A/NBP/2011,2011-12-23,3.6301,-0.14
247/A/NBP/2011,2011-12-22,3.6352,-0.11
246/A/NBP/2011,2011-12-21,3.6391,-0.66
245/A/NBP/2011,2011-12-20,3.6634,-0.53
244/A/NBP/2011,2011-12-19,3.6828,-0.04
243/A/NBP/2011,2011-12-16,3.6842,-0.68
242/A/NBP/2011,2011-12-15,3.7096,0.19
241/A/NBP/2011,2011-12-14,3.7025,0.29
240/A/NBP/2011,2011-12-13,3.6917,0.61
239/A/NBP/2011,2011-12-12,3.6694,0.11
238/A/NBP/2011,2011-12-09,3.6653,1.51
237/A/NBP/2011,2011-12-08,3.6107,0.27
236/A/NBP/2011,2011-12-07,3.601,-0.22
235/A/NBP/2011,2011-12-06,3.6089,-0.18
234/A/NBP/2011,2011-12-05,3.6155,-0.33
233/A/NBP/2011,2011-12-02,3.6275,-1.27
232/A/NBP/2011,2011-12-01,3.6741,-1
231/A/NBP/2011,2011-11-30,3.7112,0.88
230/A/NBP/2011,2011-11-29,3.6789,0.37
229/A/NBP/2011,2011-11-28,3.6654,-0.23
228/A/NBP/2011,2011-11-25,3.6739,0.77
227/A/NBP/2011,2011-11-24,3.646,0.63
226/A/NBP/2011,2011-11-23,3.6233,0.69
225/A/NBP/2011,2011-11-22,3.5985,0.4
224/A/NBP/2011,2011-11-21,3.5841,0.08
223/A/NBP/2011,2011-11-18,3.5812,0.11
222/A/NBP/2011,2011-11-17,3.5773,0.38
221/A/NBP/2011,2011-11-16,3.5639,0.3
220/A/NBP/2011,2011-11-15,3.5531,-0.15
219/A/NBP/2011,2011-11-14,3.5583,0.18
218/A/NBP/2011,2011-11-10,3.5519,0.17
217/A/NBP/2011,2011-11-09,3.5459,0.97
216/A/NBP/2011,2011-11-08,3.5117,-0.78
215/A/NBP/2011,2011-11-07,3.5393,-0.51
214/A/NBP/2011,2011-11-04,3.5574,-1.41
213/A/NBP/2011,2011-11-03,3.6082,-0.59
212/A/NBP/2011,2011-11-02,3.6295,1.92
211/A/NBP/2011,2011-10-31,3.5612,0.83
210/A/NBP/2011,2011-10-28,3.5319,-0.46
209/A/NBP/2011,2011-10-27,3.5482,-1.44
208/A/NBP/2011,2011-10-26,3.5999,0.61
207/A/NBP/2011,2011-10-25,3.5781,-0.08
206/A/NBP/2011,2011-10-24,3.581,-0.23
205/A/NBP/2011,2011-10-21,3.5893,1.98
204/A/NBP/2011,2011-10-20,3.5197,1.08
203/A/NBP/2011,2011-10-19,3.482,-1.21
202/A/NBP/2011,2011-10-18,3.5246,2.08
201/A/NBP/2011,2011-10-17,3.4528,-0.51
200/A/NBP/2011,2011-10-14,3.4704,-0.77
199/A/NBP/2011,2011-10-13,3.4974,0.3
198/A/NBP/2011,2011-10-12,3.487,-1.02
197/A/NBP/2011,2011-10-11,3.5228,0.88
196/A/NBP/2011,2011-10-10,3.4922,-1.38
195/A/NBP/2011,2011-10-07,3.541,-0.03
194/A/NBP/2011,2011-10-06,3.5421,-1.04
193/A/NBP/2011,2011-10-05,3.5794,-1.07
192/A/NBP/2011,2011-10-04,3.618,-0.91
191/A/NBP/2011,2011-10-03,3.6511,0.96
190/A/NBP/2011,2011-09-30,3.6165,-0.37
189/A/NBP/2011,2011-09-29,3.6298,0.35
188/A/NBP/2011,2011-09-28,3.6173,0.56
187/A/NBP/2011,2011-09-27,3.5971,-0.34
186/A/NBP/2011,2011-09-26,3.6095,-1.77
185/A/NBP/2011,2011-09-23,3.6745,1.53
184/A/NBP/2011,2011-09-22,3.6191,0.69
183/A/NBP/2011,2011-09-21,3.5944,-1.04
182/A/NBP/2011,2011-09-20,3.6323,0.68
181/A/NBP/2011,2011-09-19,3.6076,0.16
180/A/NBP/2011,2011-09-16,3.6017,-0.95
179/A/NBP/2011,2011-09-15,3.6361,0.99
178/A/NBP/2011,2011-09-14,3.6005,-0.6
177/A/NBP/2011,2011-09-13,3.6221,1.05
176/A/NBP/2011,2011-09-12,3.5846,0.86
175/A/NBP/2011,2011-09-09,3.5539,2.42
174/A/NBP/2011,2011-09-08,3.4699,-0.72
173/A/NBP/2011,2011-09-07,3.4952,-0.2
172/A/NBP/2011,2011-09-06,3.5023,-7.51
171/A/NBP/2011,2011-09-05,3.7865,1.06
170/A/NBP/2011,2011-09-02,3.7466,3.23
169/A/NBP/2011,2011-09-01,3.6293,2.6
168/A/NBP/2011,2011-08-31,3.5373,0.21
167/A/NBP/2011,2011-08-30,3.5298,0.09
166/A/NBP/2011,2011-08-29,3.5265,-3.19
165/A/NBP/2011,2011-08-26,3.6426,0.21
164/A/NBP/2011,2011-08-25,3.635,-0.24
163/A/NBP/2011,2011-08-24,3.6439,-0.13
162/A/NBP/2011,2011-08-23,3.6485,-0.81
161/A/NBP/2011,2011-08-22,3.6783,-0.51
160/A/NBP/2011,2011-08-19,3.6972,2.38
159/A/NBP/2011,2011-08-18,3.6112,-1.69
158/A/NBP/2011,2011-08-17,3.6734,-0.73
157/A/NBP/2011,2011-08-16,3.7004,-2.32
156/A/NBP/2011,2011-08-12,3.7884,-4.24
155/A/NBP/2011,2011-08-11,3.9562,0.43
154/A/NBP/2011,2011-08-10,3.9393,2.35
153/A/NBP/2011,2011-08-09,3.8487,3.4
152/A/NBP/2011,2011-08-08,3.722,0.2
151/A/NBP/2011,2011-08-05,3.7147,2.18
150/A/NBP/2011,2011-08-04,3.6355,-0.08
149/A/NBP/2011,2011-08-03,3.6383,0.11
148/A/NBP/2011,2011-08-02,3.6342,3.91
147/A/NBP/2011,2011-08-01,3.4973,-0.31
146/A/NBP/2011,2011-07-29,3.508,0.82
145/A/NBP/2011,2011-07-28,3.4795,0.67
144/A/NBP/2011,2011-07-27,3.4563,0.34
143/A/NBP/2011,2011-07-26,3.4447,-0.46
142/A/NBP/2011,2011-07-25,3.4606,3.1
141/A/NBP/2011,2011-07-22,3.3564,-1.65
140/A/NBP/2011,2011-07-21,3.4128,-0.57
139/A/NBP/2011,2011-07-20,3.4325,-0.64
138/A/NBP/2011,2011-07-19,3.4547,-1.87
137/A/NBP/2011,2011-07-18,3.5204,0.85
136/A/NBP/2011,2011-07-15,3.4909,0.48
135/A/NBP/2011,2011-07-14,3.4743,0.79
134/A/NBP/2011,2011-07-13,3.4472,-0.99
133/A/NBP/2011,2011-07-12,3.4817,3.71
132/A/NBP/2011,2011-07-11,3.3571,3.62
131/A/NBP/2011,2011-07-08,3.2397,-1.43
130/A/NBP/2011,2011-07-07,3.2867,0.71
129/A/NBP/2011,2011-07-06,3.2635,1.07
128/A/NBP/2011,2011-07-05,3.2288,0.89
127/A/NBP/2011,2011-07-04,3.2002,-0.71
126/A/NBP/2011,2011-07-01,3.2231,-2.34
125/A/NBP/2011,2011-06-30,3.3004,-1.54
124/A/NBP/2011,2011-06-29,3.352,-0.36
123/A/NBP/2011,2011-06-28,3.364,-0.16
122/A/NBP/2011,2011-06-27,3.3693,0.95
121/A/NBP/2011,2011-06-24,3.3375,1.5
120/A/NBP/2011,2011-06-22,3.2883,-0.08
119/A/NBP/2011,2011-06-21,3.2908,-0.73
118/A/NBP/2011,2011-06-20,3.3149,0.21
117/A/NBP/2011,2011-06-17,3.3081,0.34
116/A/NBP/2011,2011-06-16,3.2969,1.86
115/A/NBP/2011,2011-06-15,3.2366,-0.17
114/A/NBP/2011,2011-06-14,3.242,-0.52
113/A/NBP/2011,2011-06-13,3.2588,0.78
112/A/NBP/2011,2011-06-10,3.2336,0.1
111/A/NBP/2011,2011-06-09,3.2303,0.27
110/A/NBP/2011,2011-06-08,3.2216,-0.19
109/A/NBP/2011,2011-06-07,3.2277,-0.24
108/A/NBP/2011,2011-06-06,3.2356,-0.29
107/A/NBP/2011,2011-06-03,3.2449,-0.66
106/A/NBP/2011,2011-06-02,3.2666,0.81
105/A/NBP/2011,2011-06-01,3.2403,0.46
104/A/NBP/2011,2011-05-31,3.2254,-1.35
103/A/NBP/2011,2011-05-30,3.2694,0.25
102/A/NBP/2011,2011-05-27,3.2612,1.3
101/A/NBP/2011,2011-05-26,3.2195,0.49
100/A/NBP/2011,2011-05-25,3.2038,0.85
99/A/NBP/2011,2011-05-24,3.1767,-0.51
98/A/NBP/2011,2011-05-23,3.1929,2.55
97/A/NBP/2011,2011-05-20,3.1135,-0.25
96/A/NBP/2011,2011-05-19,3.1214,-0.04
95/A/NBP/2011,2011-05-18,3.1227,-0.14
94/A/NBP/2011,2011-05-17,3.1271,-0.24
93/A/NBP/2011,2011-05-16,3.1345,1.23
92/A/NBP/2011,2011-05-13,3.0965,-0.44
91/A/NBP/2011,2011-05-12,3.1102,0.5
90/A/NBP/2011,2011-05-11,3.0948,-0.79
89/A/NBP/2011,2011-05-10,3.1194,0.33
88/A/NBP/2011,2011-05-09,3.1092,-0.46
87/A/NBP/2011,2011-05-06,3.1236,1.14
86/A/NBP/2011,2011-05-05,3.0885,0.31
85/A/NBP/2011,2011-05-04,3.079,0.8
84/A/NBP/2011,2011-05-02,3.0546,0.04
83/A/NBP/2011,2011-04-29,3.0533,0.49
82/A/NBP/2011,2011-04-28,3.0385,-1.02
81/A/NBP/2011,2011-04-27,3.0698,-0.19
80/A/NBP/2011,2011-04-26,3.0757,0.39
79/A/NBP/2011,2011-04-22,3.0636,-0.54
78/A/NBP/2011,2011-04-21,3.0803,0.59
77/A/NBP/2011,2011-04-20,3.0622,-1.57
76/A/NBP/2011,2011-04-19,3.1112,0.86
75/A/NBP/2011,2011-04-18,3.0848,0.82
74/A/NBP/2011,2011-04-15,3.0596,0.11
73/A/NBP/2011,2011-04-14,3.0563,-0.03
72/A/NBP/2011,2011-04-13,3.0571,0.23
71/A/NBP/2011,2011-04-12,3.0502,0.72
70/A/NBP/2011,2011-04-11,3.0284,0.62
69/A/NBP/2011,2011-04-08,3.0097,-0.83
68/A/NBP/2011,2011-04-07,3.0349,-0.49
67/A/NBP/2011,2011-04-06,3.0497,-0.88
66/A/NBP/2011,2011-04-05,3.0767,0.18
65/A/NBP/2011,2011-04-04,3.0711,-0.52
64/A/NBP/2011,2011-04-01,3.0871,0.15
63/A/NBP/2011,2011-03-31,3.0825,0.56
62/A/NBP/2011,2011-03-30,3.0654,-0.53
61/A/NBP/2011,2011-03-29,3.0817,-0.38
60/A/NBP/2011,2011-03-28,3.0935,-0.44
59/A/NBP/2011,2011-03-25,3.1073,-0.76
58/A/NBP/2011,2011-03-24,3.1311,-0.91
57/A/NBP/2011,2011-03-23,3.1599,0.56
56/A/NBP/2011,2011-03-22,3.1424,-0.45
55/A/NBP/2011,2011-03-21,3.1567,-1.15
54/A/NBP/2011,2011-03-18,3.1933,-0.86
53/A/NBP/2011,2011-03-17,3.2211,1.71
52/A/NBP/2011,2011-03-16,3.1668,-0.3
51/A/NBP/2011,2011-03-15,3.1764,2.28
50/A/NBP/2011,2011-03-14,3.1057,-0.7
49/A/NBP/2011,2011-03-11,3.1277,1.13
48/A/NBP/2011,2011-03-10,3.0929,0.75
47/A/NBP/2011,2011-03-09,3.0698,0.23
46/A/NBP/2011,2011-03-08,3.0627,-0.1
45/A/NBP/2011,2011-03-07,3.0658,-0.44
44/A/NBP/2011,2011-03-04,3.0794,-0.64
43/A/NBP/2011,2011-03-03,3.0993,-0.44
42/A/NBP/2011,2011-03-02,3.113,1.27
41/A/NBP/2011,2011-03-01,3.0739,-0.98
40/A/NBP/2011,2011-02-28,3.1043,0.12
39/A/NBP/2011,2011-02-25,3.1007,-0.92
38/A/NBP/2011,2011-02-24,3.1296,1.7
37/A/NBP/2011,2011-02-23,3.0773,-0.49
36/A/NBP/2011,2011-02-22,3.0924,1.99
35/A/NBP/2011,2011-02-21,3.032,0.24
34/A/NBP/2011,2011-02-18,3.0247,0.46
33/A/NBP/2011,2011-02-17,3.0109,0.34
32/A/NBP/2011,2011-02-16,3.0006,-0.2
31/A/NBP/2011,2011-02-15,3.0067,0.1
30/A/NBP/2011,2011-02-14,3.0036,0.19
29/A/NBP/2011,2011-02-11,2.9979,0.13
28/A/NBP/2011,2011-02-10,2.9939,0.97
27/A/NBP/2011,2011-02-09,2.9652,-0.56
26/A/NBP/2011,2011-02-08,2.9819,0.36
25/A/NBP/2011,2011-02-07,2.9713,-1.8
24/A/NBP/2011,2011-02-04,3.0259,0.38
23/A/NBP/2011,2011-02-03,3.0145,-0.14
22/A/NBP/2011,2011-02-02,3.0188,-0.16
21/A/NBP/2011,2011-02-01,3.0235,-1.16
20/A/NBP/2011,2011-01-31,3.059,1.5
19/A/NBP/2011,2011-01-28,3.0138,-0.11
18/A/NBP/2011,2011-01-27,3.0171,0.81
17/A/NBP/2011,2011-01-26,2.9929,-0.63
16/A/NBP/2011,2011-01-25,3.012,1.21
15/A/NBP/2011,2011-01-24,2.9759,-0.37
14/A/NBP/2011,2011-01-21,2.987,-1.24
13/A/NBP/2011,2011-01-20,3.0246,0.39
12/A/NBP/2011,2011-01-19,3.0128,0.23
11/A/NBP/2011,2011-01-18,3.006,-0.35
10/A/NBP/2011,2011-01-17,3.0167,0.03
9/A/NBP/2011,2011-01-14,3.0158,0
8/A/NBP/2011,2011-01-13,3.0159,-0.53
7/A/NBP/2011,2011-01-12,3.0319,-2.14
6/A/NBP/2011,2011-01-11,3.0981,-1.17
5/A/NBP/2011,2011-01-10,3.1348,1.29
4/A/NBP/2011,2011-01-07,3.0948,-0.12
3/A/NBP/2011,2011-01-05,3.0985,-0.8
2/A/NBP/2011,2011-01-04,3.1235,-1.75
1/A/NBP/2011,2011-01-03,3.179,0.48
255/A/NBP/2010,2010-12-31,3.1639,-0.92
254/A/NBP/2010,2010-12-30,3.1932,0.05
253/A/NBP/2010,2010-12-29,3.1916,0.67
252/A/NBP/2010,2010-12-28,3.1703,0.99
251/A/NBP/2010,2010-12-27,3.1393,-0.06
250/A/NBP/2010,2010-12-24,3.1412,-1.31
249/A/NBP/2010,2010-12-23,3.183,0
248/A/NBP/2010,2010-12-22,3.1829,0.65
247/A/NBP/2010,2010-12-21,3.1624,0.55
246/A/NBP/2010,2010-12-20,3.1451,0.98
245/A/NBP/2010,2010-12-17,3.1147,0.11
244/A/NBP/2010,2010-12-16,3.1112,-0.24
243/A/NBP/2010,2010-12-15,3.1188,1.28
242/A/NBP/2010,2010-12-14,3.0794,-0.78
241/A/NBP/2010,2010-12-13,3.1037,-0.12
240/A/NBP/2010,2010-12-10,3.1074,0.48
239/A/NBP/2010,2010-12-09,3.0927,-0.15
238/A/NBP/2010,2010-12-08,3.0975,0.95
237/A/NBP/2010,2010-12-07,3.0682,0.09
236/A/NBP/2010,2010-12-06,3.0655,0.66
235/A/NBP/2010,2010-12-03,3.0453,0.68
234/A/NBP/2010,2010-12-02,3.0246,-1.15
233/A/NBP/2010,2010-12-01,3.0599,-2.42
232/A/NBP/2010,2010-11-30,3.1359,3.21
231/A/NBP/2010,2010-11-29,3.0385,0.27
230/A/NBP/2010,2010-11-26,3.0304,1.53
229/A/NBP/2010,2010-11-25,2.9848,-0.25
228/A/NBP/2010,2010-11-24,2.9923,1.99
227/A/NBP/2010,2010-11-23,2.9338,1.42
226/A/NBP/2010,2010-11-22,2.8927,-0.43
225/A/NBP/2010,2010-11-19,2.9052,-0.7
224/A/NBP/2010,2010-11-18,2.9256,-0.53
223/A/NBP/2010,2010-11-17,2.9412,0.18
222/A/NBP/2010,2010-11-16,2.9359,-0.43
221/A/NBP/2010,2010-11-15,2.9486,-0.64
220/A/NBP/2010,2010-11-12,2.9675,1.91
219/A/NBP/2010,2010-11-10,2.912,-0.91
218/A/NBP/2010,2010-11-09,2.9388,0.65
217/A/NBP/2010,2010-11-08,2.9197,0.93
216/A/NBP/2010,2010-11-05,2.8928,1.74
215/A/NBP/2010,2010-11-04,2.8433,-0.5
214/A/NBP/2010,2010-11-03,2.8575,-0.5
213/A/NBP/2010,2010-11-02,2.8718,-1.77
212/A/NBP/2010,2010-10-29,2.9236,0.26
211/A/NBP/2010,2010-10-28,2.9159,1.16
210/A/NBP/2010,2010-10-27,2.8826,-0.67
209/A/NBP/2010,2010-10-26,2.902,0.11
208/A/NBP/2010,2010-10-25,2.8989,-1.19
207/A/NBP/2010,2010-10-22,2.9338,0.2
206/A/NBP/2010,2010-10-21,2.9279,-1.49
205/A/NBP/2010,2010-10-20,2.9721,0.9
204/A/NBP/2010,2010-10-19,2.9456,0.27
203/A/NBP/2010,2010-10-18,2.9376,1.21
202/A/NBP/2010,2010-10-15,2.9024,-0.43
201/A/NBP/2010,2010-10-14,2.915,-1.48
200/A/NBP/2010,2010-10-13,2.9588,-0.2
199/A/NBP/2010,2010-10-12,2.9648,0.11
198/A/NBP/2010,2010-10-11,2.9614,-0.09
197/A/NBP/2010,2010-10-08,2.9641,0.12
196/A/NBP/2010,2010-10-07,2.9605,0.68
195/A/NBP/2010,2010-10-06,2.9405,-1.36
194/A/NBP/2010,2010-10-05,2.9809,0.66
193/A/NBP/2010,2010-10-04,2.9614,0.81
192/A/NBP/2010,2010-10-01,2.9376,-1.93
191/A/NBP/2010,2010-09-30,2.9955,0.1
190/A/NBP/2010,2010-09-29,2.9925,-0.62
189/A/NBP/2010,2010-09-28,3.0112,0.82
188/A/NBP/2010,2010-09-27,2.9866,-1.28
187/A/NBP/2010,2010-09-24,3.0252,0.12
186/A/NBP/2010,2010-09-23,3.0215,1.34
185/A/NBP/2010,2010-09-22,2.9816,-0.57
184/A/NBP/2010,2010-09-21,2.9987,-0.02
183/A/NBP/2010,2010-09-20,2.9994,1.36
182/A/NBP/2010,2010-09-17,2.9592,-1.66
181/A/NBP/2010,2010-09-16,3.0093,-0.43
180/A/NBP/2010,2010-09-15,3.0223,-1.21
179/A/NBP/2010,2010-09-14,3.0592,0.94
178/A/NBP/2010,2010-09-13,3.0307,0.39
177/A/NBP/2010,2010-09-10,3.0189,-1.01
176/A/NBP/2010,2010-09-09,3.0497,-1.11
175/A/NBP/2010,2010-09-08,3.0839,0.94
174/A/NBP/2010,2010-09-07,3.0551,1.85
173/A/NBP/2010,2010-09-06,2.9995,-1.49
172/A/NBP/2010,2010-09-03,3.045,-0.44
171/A/NBP/2010,2010-09-02,3.0585,-0.95
170/A/NBP/2010,2010-09-01,3.0879,-0.43
169/A/NBP/2010,2010-08-31,3.1012,2.07
168/A/NBP/2010,2010-08-30,3.0383,-0.7
167/A/NBP/2010,2010-08-27,3.0598,0.14
166/A/NBP/2010,2010-08-26,3.0554,-0.24
165/A/NBP/2010,2010-08-25,3.0629,0.5
164/A/NBP/2010,2010-08-24,3.0478,0.4
163/A/NBP/2010,2010-08-23,3.0358,0.86
162/A/NBP/2010,2010-08-20,3.0098,1.55
161/A/NBP/2010,2010-08-19,2.964,0.53
160/A/NBP/2010,2010-08-18,2.9484,-0.56
159/A/NBP/2010,2010-08-17,2.9651,-1.3
158/A/NBP/2010,2010-08-16,3.0041,1.8
157/A/NBP/2010,2010-08-13,2.9509,-0.19
156/A/NBP/2010,2010-08-12,2.9565,1.8
155/A/NBP/2010,2010-08-11,2.9042,1.36
154/A/NBP/2010,2010-08-10,2.8652,-0.85
153/A/NBP/2010,2010-08-09,2.8897,0.06
152/A/NBP/2010,2010-08-06,2.8881,0.09
151/A/NBP/2010,2010-08-05,2.8856,-1.17
150/A/NBP/2010,2010-08-04,2.9198,0.42
149/A/NBP/2010,2010-08-03,2.9075,-0.23
148/A/NBP/2010,2010-08-02,2.9142,-1.37
147/A/NBP/2010,2010-07-30,2.9547,1.5
146/A/NBP/2010,2010-07-29,2.9109,0.34
145/A/NBP/2010,2010-07-28,2.901,-0.67
144/A/NBP/2010,2010-07-27,2.9206,-1.75
143/A/NBP/2010,2010-07-26,2.9725,-1.18
142/A/NBP/2010,2010-07-23,3.008,-1.95
141/A/NBP/2010,2010-07-22,3.0678,0.82
140/A/NBP/2010,2010-07-21,3.0429,0.72
139/A/NBP/2010,2010-07-20,3.021,-0.45
138/A/NBP/2010,2010-07-19,3.0346,0.07
137/A/NBP/2010,2010-07-16,3.0326,0.2
136/A/NBP/2010,2010-07-15,3.0264,0.35
135/A/NBP/2010,2010-07-14,3.0158,-1.37
134/A/NBP/2010,2010-07-13,3.0576,0.28
133/A/NBP/2010,2010-07-12,3.0491,0.27
132/A/NBP/2010,2010-07-09,3.0408,-0.71
131/A/NBP/2010,2010-07-08,3.0626,-1.09
130/A/NBP/2010,2010-07-07,3.0965,0.63
129/A/NBP/2010,2010-07-06,3.0771,-0.36
128/A/NBP/2010,2010-07-05,3.0883,-0.46
127/A/NBP/2010,2010-07-02,3.1026,-1.51
126/A/NBP/2010,2010-07-01,3.1501,0.5
125/A/NBP/2010,2010-06-30,3.1345,0.03
124/A/NBP/2010,2010-06-29,3.1337,2.33
123/A/NBP/2010,2010-06-28,3.0623,0.23
122/A/NBP/2010,2010-06-25,3.0552,1.46
121/A/NBP/2010,2010-06-24,3.0112,0.9
120/A/NBP/2010,2010-06-23,2.9844,0.45
119/A/NBP/2010,2010-06-22,2.9709,1.2
118/A/NBP/2010,2010-06-21,2.9357,-0.81
117/A/NBP/2010,2010-06-18,2.9596,-0.13
116/A/NBP/2010,2010-06-17,2.9634,1.43
115/A/NBP/2010,2010-06-16,2.9215,0.15
114/A/NBP/2010,2010-06-15,2.9171,-0.7
113/A/NBP/2010,2010-06-14,2.9378,-0.64
112/A/NBP/2010,2010-06-11,2.9566,-1.21
111/A/NBP/2010,2010-06-10,2.9927,-0.11
110/A/NBP/2010,2010-06-09,2.996,-0.33
109/A/NBP/2010,2010-06-08,3.0059,0.26
108/A/NBP/2010,2010-06-07,2.998,2.94
107/A/NBP/2010,2010-06-04,2.9125,0.21
106/A/NBP/2010,2010-06-02,2.9064,0.12
105/A/NBP/2010,2010-06-01,2.9029,1.28
104/A/NBP/2010,2010-05-31,2.8661,1.23
103/A/NBP/2010,2010-05-28,2.8312,-2.24
102/A/NBP/2010,2010-05-27,2.896,-0.25
101/A/NBP/2010,2010-05-26,2.9032,-1.11
100/A/NBP/2010,2010-05-25,2.9359,2.85
99/A/NBP/2010,2010-05-24,2.8545,-0.77
98/A/NBP/2010,2010-05-21,2.8767,-0.39
97/A/NBP/2010,2010-05-20,2.888,-1.11
96/A/NBP/2010,2010-05-19,2.9203,2.29
95/A/NBP/2010,2010-05-18,2.8549,-0.65
94/A/NBP/2010,2010-05-17,2.8735,1.08
93/A/NBP/2010,2010-05-14,2.8428,0.64
92/A/NBP/2010,2010-05-13,2.8248,-0.15
91/A/NBP/2010,2010-05-12,2.8291,-1.43
90/A/NBP/2010,2010-05-11,2.8702,2.62
89/A/NBP/2010,2010-05-10,2.7969,-5.07
88/A/NBP/2010,2010-05-07,2.9463,3.53
87/A/NBP/2010,2010-05-06,2.8458,1.36
86/A/NBP/2010,2010-05-05,2.8076,2.31
85/A/NBP/2010,2010-05-04,2.7442,0.89
84/A/NBP/2010,2010-04-30,2.72,-0.38
83/A/NBP/2010,2010-04-29,2.7305,-1.01
82/A/NBP/2010,2010-04-28,2.7583,1.68
81/A/NBP/2010,2010-04-27,2.7127,0.38
80/A/NBP/2010,2010-04-26,2.7025,-0.14
79/A/NBP/2010,2010-04-23,2.7064,0.33
78/A/NBP/2010,2010-04-22,2.6974,-0.02
77/A/NBP/2010,2010-04-21,2.6979,-0.7
76/A/NBP/2010,2010-04-20,2.717,-0.1
75/A/NBP/2010,2010-04-19,2.7198,0.67
74/A/NBP/2010,2010-04-16,2.7017,0.2
73/A/NBP/2010,2010-04-15,2.6962,0.24
72/A/NBP/2010,2010-04-14,2.6898,-0.42
71/A/NBP/2010,2010-04-13,2.7011,0.86
70/A/NBP/2010,2010-04-12,2.678,-0.01
69/A/NBP/2010,2010-04-09,2.6783,-0.4
68/A/NBP/2010,2010-04-08,2.6891,0.35
67/A/NBP/2010,2010-04-07,2.6797,0.06
66/A/NBP/2010,2010-04-06,2.6782,-0.39
65/A/NBP/2010,2010-04-02,2.6886,-0.72
64/A/NBP/2010,2010-04-01,2.708,0.3
63/A/NBP/2010,2010-03-31,2.7,-0.33
62/A/NBP/2010,2010-03-30,2.7089,-0.42
61/A/NBP/2010,2010-03-29,2.7204,0.15
60/A/NBP/2010,2010-03-26,2.7164,-0.29
59/A/NBP/2010,2010-03-25,2.7243,0.42
58/A/NBP/2010,2010-03-24,2.713,-0.18
57/A/NBP/2010,2010-03-23,2.7179,-0.5
56/A/NBP/2010,2010-03-22,2.7316,0.65
55/A/NBP/2010,2010-03-19,2.714,1.45
54/A/NBP/2010,2010-03-18,2.6751,0.35
53/A/NBP/2010,2010-03-17,2.6657,-0.45
52/A/NBP/2010,2010-03-16,2.6778,-0.19
51/A/NBP/2010,2010-03-15,2.683,0.58
50/A/NBP/2010,2010-03-12,2.6674,-0.09
49/A/NBP/2010,2010-03-11,2.6697,0.71
48/A/NBP/2010,2010-03-10,2.6509,-0.16
47/A/NBP/2010,2010-03-09,2.6552,0.18
46/A/NBP/2010,2010-03-08,2.6503,-0.2
45/A/NBP/2010,2010-03-05,2.6556,-0.72
44/A/NBP/2010,2010-03-04,2.6749,-0.34
43/A/NBP/2010,2010-03-03,2.6839,-0.13
42/A/NBP/2010,2010-03-02,2.6874,-0.17
41/A/NBP/2010,2010-03-01,2.6921,-0.91
40/A/NBP/2010,2010-02-26,2.7169,-0.45
39/A/NBP/2010,2010-02-25,2.7292,-0.12
38/A/NBP/2010,2010-02-24,2.7326,1.1
37/A/NBP/2010,2010-02-23,2.703,-0.3
36/A/NBP/2010,2010-02-22,2.7112,-0.78
35/A/NBP/2010,2010-02-19,2.7324,0.49
34/A/NBP/2010,2010-02-18,2.7191,0.16
33/A/NBP/2010,2010-02-17,2.7147,-0.88
32/A/NBP/2010,2010-02-16,2.7387,-0.2
31/A/NBP/2010,2010-02-15,2.7441,0.46
30/A/NBP/2010,2010-02-12,2.7316,-1.18
29/A/NBP/2010,2010-02-11,2.7643,-0.04
28/A/NBP/2010,2010-02-10,2.7653,-0.49
27/A/NBP/2010,2010-02-09,2.7789,-0.29
26/A/NBP/2010,2010-02-08,2.7869,0.11
25/A/NBP/2010,2010-02-05,2.7837,1.68
24/A/NBP/2010,2010-02-04,2.7376,1.6
23/A/NBP/2010,2010-02-03,2.6944,-0.41
22/A/NBP/2010,2010-02-02,2.7056,-0.51
21/A/NBP/2010,2010-02-01,2.7194,-1.75
20/A/NBP/2010,2010-01-29,2.7677,0.37
19/A/NBP/2010,2010-01-28,2.7576,-0.74
18/A/NBP/2010,2010-01-27,2.7782,-0.24
17/A/NBP/2010,2010-01-26,2.785,1.02
16/A/NBP/2010,2010-01-25,2.7569,-0.54
15/A/NBP/2010,2010-01-22,2.772,0.34
14/A/NBP/2010,2010-01-21,2.7626,1.52
13/A/NBP/2010,2010-01-20,2.7213,0
12/A/NBP/2010,2010-01-19,2.7213,-0.42
11/A/NBP/2010,2010-01-18,2.7327,0.05
10/A/NBP/2010,2010-01-15,2.7314,-0.24
9/A/NBP/2010,2010-01-14,2.738,-0.37
8/A/NBP/2010,2010-01-13,2.7482,-0.57
7/A/NBP/2010,2010-01-12,2.764,0.52
6/A/NBP/2010,2010-01-11,2.7496,-0.83
5/A/NBP/2010,2010-01-08,2.7726,-0.06
4/A/NBP/2010,2010-01-07,2.7744,0.61
3/A/NBP/2010,2010-01-06,2.7575,0.33
2/A/NBP/2010,2010-01-05,2.7483,-0.1
1/A/NBP/2010,2010-01-04,2.751,0
